{
    "rings": [
        {
            "type": "walk",
            "active": true,
            "route": "1",
            "x": 73.5,
            "y": 221,
            "z": 14.5,
            "w": 1,
            "h": 1,
            "yaw": 14.5,
            "pitch": 0
        },
        {
            "type": "look",
            "active": true,
            "route": "1",
            "x": 68,
            "y": 221,
            "z": 35.5,
            "w": 1,
            "h": 1,
            "yaw": -90,
            "pitch": 0
        },
        {
            "type": "stop",
            "active": true,
            "route": "1",
            "x": 69,
            "y": 218.5,
            "z": 35.5,
            "w": 1,
            "h": 2,
            "yaw": 0,
            "pitch": 0
        },
        {
            "type": "look",
            "active": true,
            "route": "1",
            "x": 69,
            "y": 204.5,
            "z": 35.5,
            "w": 1,
            "h": 1,
            "yaw": 10,
            "pitch": 0
        },
        {
            "type": "hclip",
            "active": true,
            "route": "1",
            "x": 69,
            "y": 198,
            "z": 35.5,
            "w": 1,
            "h": 1,
            "yaw": 10,
            "pitch": 0
        },
        {
            "type": "hclip",
            "active": true,
            "route": "1",
            "x": 68,
            "y": 189.5,
            "z": 39.5,
            "w": 1,
            "h": 10,
            "yaw": 8.799976348876953,
            "pitch": 15.75002670288086
        },
        {
            "type": "hclip",
            "active": true,
            "route": "1",
            "x": 67.5,
            "y": 180.5,
            "z": 42.5,
            "w": 1,
            "h": 4,
            "yaw": 9.249951362609863,
            "pitch": 6.449947834014893
        },
        {
            "type": "walk",
            "active": true,
            "route": "1",
            "x": 66.5,
            "y": 165,
            "z": 50,
            "w": 1,
            "h": 1,
            "yaw": 9.700000762939453,
            "pitch": -0.8999999761581421
        },
        {
            "type": "vclip",
            "active": true,
            "route": "1",
            "x": 61.5,
            "y": 162,
            "z": 79.5,
            "w": 1,
            "h": 1,
            "yaw": 22.900087356567383,
            "pitch": -7.8000054359436035,
            "action": "20"
        },
        {
            "type": "walk",
            "active": true,
            "route": "1",
            "x": 60,
            "y": 113.5,
            "z": 88,
            "w": 1,
            "h": 1,
            "yaw": 21.099668502807617,
            "pitch": -5.249945640563965
        },
        {
            "type": "look",
            "active": true,
            "route": "1",
            "x": 51.5,
            "y": 114,
            "z": 109.5,
            "w": 1,
            "h": 1,
            "yaw": -45.200321197509766,
            "pitch": 0.9000544548034668
        },
        {
            "type": "look",
            "active": true,
            "route": "1",
            "x": 59,
            "y": 114,
            "z": 116.5,
            "w": 0.5,
            "h": 1,
            "yaw": 90,
            "pitch": 0
        },
        {
            "type": "look",
            "active": true,
            "route": "1",
            "x": 58,
            "y": 113,
            "z": 116.5,
            "w": 1,
            "h": 1,
            "yaw": 0,
            "pitch": 0
        },
        {
            "type": "look",
            "active": true,
            "route": "1",
            "x": 58,
            "y": 113,
            "z": 118.5,
            "w": 1,
            "h": 1,
            "yaw": 35.54998779296875,
            "pitch": 1.8000011444091797
        },
        {
            "type": "look",
            "active": true,
            "route": "1",
            "x": 57.5,
            "y": 113,
            "z": 120.5,
            "w": 1,
            "h": 1,
            "yaw": 0,
            "pitch": 0
        },
        {
            "type": "hclip",
            "active": true,
            "route": "1",
            "x": 57.5,
            "y": 129.5,
            "z": 128.5,
            "w": 1,
            "h": 1,
            "yaw": 90,
            "pitch": 0
        },
        {
            "type": "look",
            "active": true,
            "route": "1",
            "x": 9,
            "y": 115,
            "z": 129,
            "w": 1,
            "h": 1,
            "yaw": 180,
            "pitch": 0
        },
        {
            "type": "jump",
            "active": true,
            "route": "1",
            "x": 9,
            "y": 109,
            "z": 112,
            "w": 1,
            "h": 1,
            "yaw": 180,
            "pitch": 0
        },
        {
            "type": "stop",
            "active": true,
            "route": "1",
            "x": 10,
            "y": 106.5,
            "z": 100,
            "w": 2,
            "h": 1,
            "yaw": 233.550048828125,
            "pitch": 89.09999084472656
        },
        {
            "type": "walk",
            "active": true,
            "route": "1",
            "x": 19.5,
            "y": 121,
            "z": 127.5,
            "w": 1,
            "h": 1,
            "yaw": 0,
            "pitch": 0
        },
        {
            "type": "look",
            "active": true,
            "route": "1",
            "x": 19.5,
            "y": 120.5,
            "z": 129,
            "w": 0.5,
            "h": 1,
            "yaw": 90,
            "pitch": 0
        },
        {
            "type": "walk",
            "active": true,
            "route": "1",
            "x": 20,
            "y": 120.5,
            "z": 129,
            "w": 0.5,
            "h": 1,
            "yaw": 90,
            "pitch": 0
        },
        {
            "type": "hclip",
            "active": true,
            "route": "1",
            "x": 57.5,
            "y": 128.5,
            "z": 128,
            "w": 1,
            "h": 1,
            "yaw": 83.8484115600586,
            "pitch": -1.650025486946106
        },
        {
            "type": "jump",
            "active": true,
            "route": "1",
            "x": 41,
            "y": 124,
            "z": 129.5,
            "w": 1,
            "h": 1,
            "yaw": 95.398193359375,
            "pitch": 0.7498716115951538
        },
        {
            "type": "jump",
            "active": true,
            "route": "1",
            "x": 32.5,
            "y": 123,
            "z": 129,
            "w": 1,
            "h": 1,
            "yaw": 95.398193359375,
            "pitch": 0.7498716115951538
        },
        {
            "type": "walk",
            "active": true,
            "route": "1",
            "x": 34,
            "y": 123,
            "z": 129,
            "w": 1,
            "h": 1,
            "yaw": 95.398193359375,
            "pitch": 0.7498716115951538
        },
        {
            "type": "jump",
            "active": true,
            "route": "1",
            "x": 25.5,
            "y": 123,
            "z": 128,
            "w": 1,
            "h": 2,
            "yaw": 95.398193359375,
            "pitch": 0.7498716115951538
        },
        {
            "type": "walk",
            "active": true,
            "route": "1",
            "x": 26.5,
            "y": 123,
            "z": 128,
            "w": 1,
            "h": 2,
            "yaw": 95.398193359375,
            "pitch": 0.7498716115951538
        },
        {
            "type": "stop",
            "active": true,
            "route": "1",
            "x": 57.5,
            "y": 108,
            "z": 128.5,
            "w": 1,
            "h": 5,
            "yaw": 360.8998107910156,
            "pitch": 34.79997634887695
        },
        {
            "type": "jump",
            "active": true,
            "route": "1",
            "x": 44.5,
            "y": 123,
            "z": 129.5,
            "w": 1,
            "h": 1,
            "yaw": 434.2495422363281,
            "pitch": -4.799882411956787
        },
        {
            "type": "look",
            "active": true,
            "route": "1",
            "x": 43.5,
            "y": 124,
            "z": 129.5,
            "w": 1,
            "h": 1,
            "yaw": 94,
            "pitch": 0
        },
        {
            "type": "walk",
            "active": true,
            "route": "1",
            "x": 46,
            "y": 123,
            "z": 128.5,
            "w": 1,
            "h": 1,
            "yaw": 360.74981689453125,
            "pitch": 0.30006471276283264
        },
        {
            "type": "walk",
            "active": true,
            "route": "1",
            "x": 46,
            "y": 123,
            "z": 129.5,
            "w": 1,
            "h": 1,
            "yaw": 90,
            "pitch": 0
        },
        {
            "type": "bonzo",
            "active": true,
            "route": "1",
            "x": 9,
            "y": 107.5,
            "z": 105,
            "w": 1,
            "h": 1,
            "yaw": 176.1999969482422,
            "pitch": 65
        },
        {
            "type": "stop",
            "active": true,
            "route": "1",
            "x": 7.5,
            "y": 108,
            "z": 82,
            "w": 0.9,
            "h": 6,
            "yaw": -188.15060424804688,
            "pitch": 9.649764060974121
        },
        {
            "type": "hclip",
            "active": true,
            "route": "1",
            "x": 7.5,
            "y": 122,
            "z": 82,
            "w": 1,
            "h": 1,
            "yaw": 116.34989929199219,
            "pitch": -2.2000083923339844
        },
        {
            "type": "walk",
            "active": true,
            "route": "2",
            "x": 100.5,
            "y": 115,
            "z": 124.5,
            "w": 1,
            "h": 1,
            "yaw": 26.79972267150879,
            "pitch": -2.2000250816345215
        },
        {
            "type": "look",
            "active": true,
            "route": "2",
            "x": 96.5,
            "y": 115,
            "z": 132.5,
            "w": 1,
            "h": 1,
            "yaw": 90.24980163574219,
            "pitch": 1.549975872039795
        },
        {
            "type": "jump",
            "active": true,
            "route": "2",
            "x": 78.5,
            "y": 109,
            "z": 133.5,
            "w": 1,
            "h": 1,
            "yaw": -88.70022583007812,
            "pitch": 55.84999465942383
        },
        {
            "type": "hclip",
            "active": true,
            "route": "2",
            "x": 76.5,
            "y": 109,
            "z": 133.5,
            "w": 1,
            "h": 3,
            "yaw": 90.69991302490234,
            "pitch": -4.950035572052002
        },
        {
            "type": "hclip",
            "active": true,
            "route": "2",
            "x": 68,
            "y": 127,
            "z": 133.5,
            "w": 1,
            "h": 1,
            "yaw": -312.04974365234375,
            "pitch": -14.499911308288574
        },
        {
            "type": "hclip",
            "active": true,
            "route": "2",
            "x": 68,
            "y": 121.5,
            "z": 133.5,
            "w": 1,
            "h": 1,
            "yaw": 406.2994384765625,
            "pitch": -8.95019245147705
        },
        {
            "type": "hclip",
            "active": true,
            "route": "2",
            "x": 68,
            "y": 123.5,
            "z": 133.5,
            "w": 1,
            "h": 1,
            "yaw": 49.750022888183594,
            "pitch": -9.250029563903809
        },
        {
            "type": "walk",
            "active": true,
            "route": "2",
            "x": 61,
            "y": 132,
            "z": 140,
            "w": 1,
            "h": 1,
            "yaw": 459.99993896484375,
            "pitch": -0.25013265013694763
        },
        {
            "type": "look",
            "active": true,
            "route": "2",
            "x": 31.5,
            "y": 131,
            "z": 138.5,
            "w": 1,
            "h": 1,
            "yaw": 819.8527221679688,
            "pitch": 0.19990448653697968
        },
        {
            "type": "jump",
            "active": true,
            "route": "2",
            "x": 29,
            "y": 131,
            "z": 138,
            "w": 1,
            "h": 1,
            "yaw": 679.9014282226562,
            "pitch": 59.0000114440918
        },
        {
            "type": "walk",
            "active": true,
            "route": "2",
            "x": 9,
            "y": 115,
            "z": 136,
            "w": 1,
            "h": 1,
            "yaw": 180,
            "pitch": 0
        },
        {
            "type": "look",
            "active": true,
            "route": "2",
            "x": 9,
            "y": 109,
            "z": 113.5,
            "w": 1,
            "h": 1,
            "yaw": 490.79901123046875,
            "pitch": 0.30000996589660645
        },
        {
            "type": "jump",
            "active": true,
            "route": "2",
            "x": 7,
            "y": 109,
            "z": 111,
            "w": 1,
            "h": 1,
            "yaw": 484.64923095703125,
            "pitch": -1.3500076532363892
        },
        {
            "type": "look",
            "active": true,
            "route": "2",
            "x": 2.5,
            "y": 109,
            "z": 107,
            "w": 1,
            "h": 1,
            "yaw": 538.4993286132812,
            "pitch": -1.949988842010498
        },
        {
            "type": "hclip",
            "active": true,
            "route": "2",
            "x": 59.5,
            "y": 134.5,
            "z": 138,
            "w": 1,
            "h": 1,
            "yaw": -34.25019073486328,
            "pitch": -0.5500175952911377
        },
        {
            "type": "jump",
            "active": true,
            "route": "2",
            "x": 56.5,
            "y": 132,
            "z": 139.5,
            "w": 1,
            "h": 1,
            "yaw": 91,
            "pitch": 0
        },
        {
            "type": "look",
            "active": true,
            "route": "2",
            "x": 56.5,
            "y": 132,
            "z": 139.5,
            "w": 1,
            "h": 1,
            "yaw": 91,
            "pitch": 0
        },
        {
            "type": "look",
            "active": true,
            "route": "2",
            "x": 46,
            "y": 130,
            "z": 138.5,
            "w": 1,
            "h": 1,
            "yaw": 90,
            "pitch": 0
        },
        {
            "type": "jump",
            "active": true,
            "route": "2",
            "x": 46,
            "y": 130,
            "z": 138.5,
            "w": 1,
            "h": 1,
            "yaw": 90,
            "pitch": 0
        },
        {
            "type": "jump",
            "active": true,
            "route": "2",
            "x": 40,
            "y": 130,
            "z": 138.5,
            "w": 1,
            "h": 1,
            "yaw": 90,
            "pitch": -15
        },
        {
            "type": "stop",
            "active": true,
            "route": "2",
            "x": 41.5,
            "y": 131.5,
            "z": 139,
            "w": 1,
            "h": 1,
            "yaw": 361.20050048828125,
            "pitch": 9.89997386932373
        },
        {
            "type": "stop",
            "active": true,
            "route": "2",
            "x": 7.5,
            "y": 106.5,
            "z": 82,
            "w": 1,
            "h": 5,
            "yaw": -187.5500030517578,
            "pitch": 22.3999080657959
        },
        {
            "type": "stop",
            "active": true,
            "route": "2",
            "x": 1.5,
            "y": 109,
            "z": 102,
            "w": 1,
            "h": 1,
            "yaw": 178.80001831054688,
            "pitch": 7.649999141693115
        },
        {
            "type": "look",
            "active": true,
            "route": "2",
            "x": 1.5,
            "y": 109,
            "z": 102,
            "w": 1,
            "h": 1,
            "yaw": 543.1493530273438,
            "pitch": -2.0999889373779297
        },
        {
            "type": "walk",
            "active": true,
            "route": "2",
            "x": 58,
            "y": 109,
            "z": 130.5,
            "w": 1,
            "h": 1,
            "yaw": 165.29823303222656,
            "pitch": 14.999974250793457
        },
        {
            "type": "stop",
            "active": true,
            "route": "2",
            "x": 57.5,
            "y": 105.5,
            "z": 128.5,
            "w": 1,
            "h": 5,
            "yaw": 270.2987976074219,
            "pitch": 39.74998474121094
        },
        {
            "type": "stop",
            "active": true,
            "route": "2",
            "x": 57.5,
            "y": 111.5,
            "z": 128.5,
            "w": 1.2,
            "h": 5,
            "yaw": 326.8481750488281,
            "pitch": 87.15000915527344
        },
        {
            "type": "stop",
            "active": true,
            "route": "2",
            "x": 57.5,
            "y": 108.5,
            "z": 128.5,
            "w": 1.2,
            "h": 5,
            "yaw": 262.1982421875,
            "pitch": 54.899967193603516
        },
        {
            "type": "stop",
            "active": true,
            "route": "2",
            "x": 57.5,
            "y": 107,
            "z": 128.5,
            "w": 1.2,
            "h": 5,
            "yaw": 262.1982421875,
            "pitch": 54.899967193603516
        },
        {
            "type": "hclip",
            "active": true,
            "route": "2",
            "x": 57.5,
            "y": 131.5,
            "z": 129,
            "w": 1,
            "h": 1,
            "yaw": 341.2321472167969,
            "pitch": -19.573341369628906
        },
        {
            "type": "hclip",
            "active": true,
            "route": "2",
            "x": 60.5,
            "y": 135,
            "z": 138,
            "w": 1,
            "h": 2,
            "yaw": -13.651787757873535,
            "pitch": 9.44997501373291
        },
        {
            "type": "jump",
            "active": true,
            "route": "2",
            "x": 57,
            "y": 132,
            "z": 138.5,
            "w": 1,
            "h": 1,
            "yaw": 90.74822235107422,
            "pitch": -0.4054652154445648
        },
        {
            "type": "walk",
            "active": true,
            "route": "2",
            "x": 61,
            "y": 132,
            "z": 138.5,
            "w": 1,
            "h": 1,
            "yaw": 90,
            "pitch": 0
        },
        {
            "type": "walk",
            "active": true,
            "route": "2",
            "x": 19.5,
            "y": 130,
            "z": 137.5,
            "w": 1,
            "h": 1,
            "yaw": 180,
            "pitch": 0
        },
        {
            "type": "walk",
            "active": true,
            "route": "2",
            "x": 25,
            "y": 131,
            "z": 137,
            "w": 1,
            "h": 1,
            "yaw": 444.5992736816406,
            "pitch": -2.399959087371826
        },
        {
            "type": "stop",
            "active": true,
            "route": "2",
            "x": 6.5,
            "y": 106,
            "z": 96,
            "w": 1,
            "h": 5,
            "yaw": 586.9496459960938,
            "pitch": 76.34992218017578
        },
        {
            "type": "look",
            "active": true,
            "route": "2",
            "x": 0,
            "y": 120,
            "z": 78,
            "w": 1,
            "h": 1,
            "yaw": 559.1989135742188,
            "pitch": -3.1500422954559326
        },
        {
            "type": "stop",
            "active": true,
            "route": "2",
            "x": 3,
            "y": 118,
            "z": 74,
            "w": 0.5,
            "h": 5,
            "yaw": 805.7993774414062,
            "pitch": 78.45001983642578
        },
        {
            "type": "hclip",
            "active": true,
            "route": "2",
            "x": 2.5,
            "y": 114,
            "z": 74,
            "w": 1.3,
            "h": 2,
            "yaw": 547.3502807617188,
            "pitch": 4.649947643280029
        },
        {
            "type": "jump",
            "active": true,
            "route": "2",
            "x": 4,
            "y": 109,
            "z": 61.5,
            "w": 1,
            "h": 1,
            "yaw": 537.7490234375,
            "pitch": -2.25004243850708
        },
        {
            "type": "stop",
            "active": true,
            "route": "2",
            "x": 4,
            "y": 109,
            "z": 58,
            "w": 1,
            "h": 5,
            "yaw": 813.7484130859375,
            "pitch": 43.79998779296875
        },
        {
            "type": "hclip",
            "active": true,
            "route": "2",
            "x": 3.5,
            "y": 111.5,
            "z": 73.5,
            "w": 1,
            "h": 2,
            "yaw": 541.6495361328125,
            "pitch": 7.349896430969238
        },
        {
            "type": "hclip",
            "active": true,
            "route": "2",
            "x": 4,
            "y": 121,
            "z": 58,
            "w": 2,
            "h": 1,
            "yaw": 616.0491943359375,
            "pitch": -8.400029182434082
        },
        {
            "type": "walk",
            "active": true,
            "route": "2",
            "x": 3.5,
            "y": 109,
            "z": 68.5,
            "w": 1,
            "h": 1,
            "yaw": 183.45008850097656,
            "pitch": 0.4499950408935547
        },
        {
            "type": "walk",
            "active": true,
            "route": "2",
            "x": 1.5,
            "y": 109,
            "z": 99,
            "w": 1,
            "h": 1,
            "yaw": -90,
            "pitch": 0
        },
        {
            "type": "stop",
            "active": true,
            "route": "2",
            "x": 6,
            "y": 107,
            "z": 99,
            "w": 0.7,
            "h": 5,
            "yaw": -90.00003051757812,
            "pitch": 16.349964141845703
        },
        {
            "type": "hclip",
            "active": true,
            "route": "2",
            "x": 5.5,
            "y": 123.5,
            "z": 98.5,
            "w": 1,
            "h": 1,
            "yaw": -182.5499267578125,
            "pitch": -4.799999237060547
        },
        {
            "type": "hclip",
            "active": true,
            "route": "2",
            "x": 6,
            "y": 123.5,
            "z": 99,
            "w": 1,
            "h": 1,
            "yaw": -179.84996032714844,
            "pitch": 2.249997615814209
        },
        {
            "type": "walk",
            "active": true,
            "route": "2",
            "x": 3.5,
            "y": 120,
            "z": 78,
            "w": 1,
            "h": 1,
            "yaw": 86.70000457763672,
            "pitch": 0.29997938871383667
        },
        {
            "type": "walk",
            "active": true,
            "route": "2",
            "x": 3.5,
            "y": 120,
            "z": 79,
            "w": 1,
            "h": 1,
            "yaw": -256.8000183105469,
            "pitch": 0.3000143766403198
        },
        {
            "type": "hclip",
            "active": true,
            "route": "2",
            "x": 12.5,
            "y": 118,
            "z": 55,
            "w": 1,
            "h": 1,
            "yaw": 500.54901123046875,
            "pitch": -1.350024700164795
        },
        {
            "type": "hclip",
            "active": true,
            "route": "2",
            "x": 6,
            "y": 121.5,
            "z": 88,
            "w": 1,
            "h": 1,
            "yaw": -191.84994506835938,
            "pitch": 2.099853992462158
        },
        {
            "type": "jump",
            "active": true,
            "route": "2",
            "x": 56.5,
            "y": 115,
            "z": 49,
            "w": 1,
            "h": 1,
            "yaw": 592.951171875,
            "pitch": -3.1499669551849365
        },
        {
            "type": "hclip",
            "active": true,
            "route": "2",
            "x": 59.5,
            "y": 116,
            "z": 47,
            "w": 1,
            "h": 4,
            "yaw": 586.0518188476562,
            "pitch": -6.899984359741211
        },
        {
            "type": "stop",
            "active": true,
            "route": "2",
            "x": 81.5,
            "y": 108,
            "z": 37,
            "w": 1,
            "h": 3,
            "yaw": 236.5509033203125,
            "pitch": 24.749980926513672
        },
        {
            "type": "hclip",
            "active": true,
            "route": "2",
            "x": 81.5,
            "y": 124,
            "z": 36.5,
            "w": 1,
            "h": 1,
            "yaw": 336.1508483886719,
            "pitch": 4.500034809112549
        },
        {
            "type": "walk",
            "active": true,
            "route": "2",
            "x": 64.5,
            "y": 114.5,
            "z": 42,
            "w": 1,
            "h": 1,
            "yaw": 253.95091247558594,
            "pitch": 1.5000369548797607
        },
        {
            "type": "hclip",
            "active": true,
            "route": "2",
            "x": 84,
            "y": 123,
            "z": 43,
            "w": 1,
            "h": 3,
            "yaw": 459.15069580078125,
            "pitch": 6.000026702880859
        },
        {
            "type": "walk",
            "active": true,
            "route": "2",
            "x": 75.5,
            "y": 113,
            "z": 41.5,
            "w": 1,
            "h": 1,
            "yaw": 93.45092010498047,
            "pitch": -2.5499637126922607
        },
        {
            "type": "walk",
            "active": true,
            "route": "2",
            "x": 55,
            "y": 115,
            "z": 40,
            "w": 1,
            "h": 1,
            "yaw": 9.300925254821777,
            "pitch": 0.45003634691238403
        },
        {
            "type": "walk",
            "active": true,
            "route": "2",
            "x": 52.5,
            "y": 114.5,
            "z": 52,
            "w": 1,
            "h": 1,
            "yaw": 90,
            "pitch": 0
        },
        {
            "type": "look",
            "active": true,
            "route": "2",
            "x": 51.5,
            "y": 114,
            "z": 52,
            "w": 0.5,
            "h": 0.5,
            "yaw": 0,
            "pitch": 0
        },
        {
            "type": "stop",
            "active": true,
            "route": "2",
            "x": 51.5,
            "y": 114,
            "z": 76.5,
            "w": 1,
            "h": 1,
            "yaw": 67.6500015258789,
            "pitch": 4.3499979972839355
        },
        {
            "type": "look",
            "active": true,
            "route": "2",
            "x": 51.5,
            "y": 114,
            "z": 76.5,
            "w": 1,
            "h": 1,
            "yaw": 78.9000015258789,
            "pitch": 3.749997854232788
        },
        {
            "type": "leap",
            "active": true,
            "route": "1",
            "x": 4.5,
            "y": 120,
            "z": 75.5,
            "w": 3,
            "h": 1,
            "yaw": 262.60009765625,
            "pitch": 32.700016021728516
        },
        {
            "type": "stop",
            "active": true,
            "route": "2",
            "x": 19.5,
            "y": 129.5,
            "z": 136,
            "w": 0.5,
            "h": 1,
            "yaw": 180,
            "pitch": 0
        },
        {
            "type": "look",
            "active": true,
            "route": "2",
            "x": 19.5,
            "y": 129.5,
            "z": 136,
            "w": 0.5,
            "h": 1,
            "yaw": 90,
            "pitch": 0
        },
        {
            "type": "walk",
            "active": true,
            "route": "3",
            "x": 73.5,
            "y": 221,
            "z": 14.5,
            "w": 1,
            "h": 1,
            "yaw": 0,
            "pitch": 0
        },
        {
            "type": "stop",
            "active": true,
            "route": "3",
            "x": 73.5,
            "y": 222,
            "z": 61,
            "w": 1,
            "h": 1,
            "yaw": 0,
            "pitch": 0
        },
        {
            "type": "walk",
            "active": true,
            "route": "3",
            "x": 73.5,
            "y": 223,
            "z": 63.5,
            "w": 1,
            "h": 1,
            "yaw": 0,
            "pitch": 0
        },
        {
            "type": "jump",
            "active": true,
            "route": "3",
            "x": 73.5,
            "y": 224,
            "z": 68,
            "w": 1,
            "h": 1,
            "yaw": 0,
            "pitch": 0
        },
        {
            "type": "look",
            "active": true,
            "route": "3",
            "x": 73.5,
            "y": 221.5,
            "z": 60.5,
            "w": 1,
            "h": 1,
            "yaw": -180,
            "pitch": 0
        },
        {
            "type": "stop",
            "active": true,
            "route": "3",
            "x": 73.5,
            "y": 225,
            "z": 70.5,
            "w": 0.7,
            "h": 3,
            "yaw": 3.750009298324585,
            "pitch": 33.44999694824219
        },
        {
            "type": "stop",
            "active": true,
            "route": "3",
            "x": 73.5,
            "y": 225,
            "z": 77,
            "w": 0.4,
            "h": 10,
            "yaw": 88.95005798339844,
            "pitch": 56.70002365112305
        },
        {
            "type": "walk",
            "active": true,
            "route": "3",
            "x": 70.5,
            "y": 225,
            "z": 77,
            "w": 1,
            "h": 1,
            "yaw": 179.70005798339844,
            "pitch": -0.000049418209528084844
        },
        {
            "type": "stop",
            "active": true,
            "route": "3",
            "x": 70,
            "y": 220.5,
            "z": 49,
            "w": 2,
            "h": 1,
            "yaw": -182.70030212402344,
            "pitch": 28.04996681213379
        },
        {
            "type": "hclip",
            "active": true,
            "route": "3",
            "x": 70,
            "y": 206.5,
            "z": 49,
            "w": 2,
            "h": 1,
            "yaw": 39.45008850097656,
            "pitch": 11.24996280670166
        },
        {
            "type": "hclip",
            "active": true,
            "route": "3",
            "x": 64.5,
            "y": 188,
            "z": 56,
            "w": 2,
            "h": 1,
            "yaw": 398.09954833984375,
            "pitch": -0.1500929743051529
        },
        {
            "type": "walk",
            "active": true,
            "route": "3",
            "x": 60,
            "y": 174.5,
            "z": 60.5,
            "w": 1,
            "h": 1,
            "yaw": 411.6002502441406,
            "pitch": 1.9499508142471313
        },
        {
            "type": "look",
            "active": true,
            "route": "3",
            "x": 43,
            "y": 169,
            "z": 74.5,
            "w": 1,
            "h": 1,
            "yaw": 381.9002990722656,
            "pitch": 2.999950885772705
        },
        {
            "type": "walk",
            "active": true,
            "route": "3",
            "x": 59,
            "y": 174.5,
            "z": 61,
            "w": 1,
            "h": 1,
            "yaw": 49.20005416870117,
            "pitch": 3.899951934814453
        },
        {
            "type": "stop",
            "active": true,
            "route": "3",
            "x": 39,
            "y": 162,
            "z": 81.5,
            "w": 1,
            "h": 10,
            "yaw": 381.9002990722656,
            "pitch": 2.999950885772705
        },
        {
            "type": "hclip",
            "active": true,
            "route": "3",
            "x": 39.5,
            "y": 175,
            "z": 81,
            "w": 2,
            "h": 1,
            "yaw": 381.9002990722656,
            "pitch": 2.999950885772705
        },
        {
            "type": "walk",
            "active": true,
            "route": "3",
            "x": 57.5,
            "y": 169,
            "z": 65.5,
            "w": 1,
            "h": 1,
            "yaw": 58.50004196166992,
            "pitch": -1.9500492811203003
        },
        {
            "type": "hclip",
            "active": true,
            "route": "3",
            "x": 35,
            "y": 179.5,
            "z": 91,
            "w": 2,
            "h": 3,
            "yaw": 381.9002990722656,
            "pitch": 2.999950885772705
        },
        {
            "type": "look",
            "active": true,
            "route": "3",
            "x": 31,
            "y": 170,
            "z": 101.5,
            "w": 1,
            "h": 1,
            "yaw": 470.400146484375,
            "pitch": 1.1999505758285522
        },
        {
            "type": "walk",
            "active": true,
            "route": "3",
            "x": 109,
            "y": 120,
            "z": 94,
            "w": 1,
            "h": 1,
            "yaw": 90,
            "pitch": 0
        },
        {
            "type": "look",
            "active": true,
            "route": "3",
            "x": 107,
            "y": 120,
            "z": 94,
            "w": 1,
            "h": 1,
            "yaw": 180,
            "pitch": 0
        },
        {
            "type": "jump",
            "active": true,
            "route": "3",
            "x": 107,
            "y": 120,
            "z": 92.5,
            "w": 1,
            "h": 1,
            "yaw": 180,
            "pitch": 0
        },
        {
            "type": "stop",
            "active": true,
            "route": "3",
            "x": 110,
            "y": 113,
            "z": 73.5,
            "w": 3,
            "h": 3,
            "yaw": 200.1004638671875,
            "pitch": 2.399993658065796
        },
        {
            "type": "look",
            "active": true,
            "route": "3",
            "x": 107,
            "y": 119,
            "z": 80,
            "w": 1,
            "h": 1,
            "yaw": 306.15057373046875,
            "pitch": -5.24996280670166
        },
        {
            "type": "look",
            "active": true,
            "route": "3",
            "x": 108.5,
            "y": 119,
            "z": 81,
            "w": 1,
            "h": 1,
            "yaw": 180,
            "pitch": 0
        },
        {
            "type": "walk",
            "active": true,
            "route": "3",
            "x": 1.5,
            "y": 109,
            "z": 102,
            "w": 1,
            "h": 1,
            "yaw": 0,
            "pitch": 0
        },
        {
            "type": "jump",
            "active": true,
            "route": "3",
            "x": 1.5,
            "y": 109,
            "z": 104.5,
            "w": 1,
            "h": 1,
            "yaw": 0,
            "pitch": 0
        },
        {
            "type": "hclip",
            "active": true,
            "route": "3",
            "x": 1.5,
            "y": 109,
            "z": 106,
            "w": 1,
            "h": 3,
            "yaw": -345.7499084472656,
            "pitch": -1.9499975442886353
        },
        {
            "type": "awaitterm",
            "active": true,
            "route": "3",
            "x": 1.5,
            "y": 109,
            "z": 113,
            "w": 1,
            "h": 1,
            "yaw": 206.5501251220703,
            "pitch": -1.3500021696090698
        },
        {
            "type": "look",
            "active": true,
            "route": "3",
            "x": 1.5,
            "y": 109,
            "z": 113,
            "w": 1,
            "h": 1,
            "yaw": 206.5501251220703,
            "pitch": -1.3500021696090698
        },
        {
            "type": "walk",
            "active": true,
            "route": "3",
            "x": 1.5,
            "y": 109,
            "z": 113,
            "w": 1,
            "h": 1,
            "yaw": 206.5501251220703,
            "pitch": -1.3500021696090698
        },
        {
            "type": "stop",
            "active": true,
            "route": "3",
            "x": 4.5,
            "y": 106,
            "z": 106,
            "w": 1,
            "h": 7,
            "yaw": 204.00009155273438,
            "pitch": 84.29999542236328
        },
        {
            "type": "hclip",
            "active": true,
            "route": "3",
            "x": 4.5,
            "y": 117.5,
            "z": 106,
            "w": 1,
            "h": 1,
            "yaw": 201.75015258789062,
            "pitch": -1.8000069856643677
        },
        {
            "type": "hclip",
            "active": true,
            "route": "3",
            "x": 7.5,
            "y": 124,
            "z": 99,
            "w": 1,
            "h": 3,
            "yaw": 123.75012969970703,
            "pitch": -4.650003910064697
        },
        {
            "type": "walk",
            "active": true,
            "route": "3",
            "x": 0,
            "y": 109,
            "z": 113,
            "w": 1,
            "h": 1,
            "yaw": -91.1999282836914,
            "pitch": -0.9000084400177002
        },
        {
            "type": "awaitterm",
            "active": true,
            "route": "3",
            "x": 0,
            "y": 119,
            "z": 92,
            "w": 1,
            "h": 1,
            "yaw": 206.5501251220703,
            "pitch": -1.3500021696090698
        },
        {
            "type": "awaitterm",
            "active": true,
            "route": "3",
            "x": 40,
            "y": 109,
            "z": 32,
            "w": 1,
            "h": 1,
            "yaw": 292.50048828125,
            "pitch": -2.9999582767486572
        },
        {
            "type": "walk",
            "active": true,
            "route": "3",
            "x": 40,
            "y": 109,
            "z": 32,
            "w": 1,
            "h": 1,
            "yaw": 286.95050048828125,
            "pitch": 1.0500539541244507
        },
        {
            "type": "stop",
            "active": true,
            "route": "3",
            "x": 46,
            "y": 108,
            "z": 33.5,
            "w": 1,
            "h": 4,
            "yaw": 371.4003601074219,
            "pitch": 57.599952697753906
        },
        {
            "type": "hclip",
            "active": true,
            "route": "3",
            "x": 46,
            "y": 120.5,
            "z": 33.5,
            "w": 1,
            "h": 1,
            "yaw": 143.8504180908203,
            "pitch": -1.199947476387024
        },
        {
            "type": "awaitterm",
            "active": true,
            "route": "3",
            "x": 43,
            "y": 121,
            "z": 30.5,
            "w": 1,
            "h": 1,
            "yaw": 166.35043334960938,
            "pitch": 24.900047302246094
        },
        {
            "type": "jump",
            "active": true,
            "route": "3",
            "x": 52,
            "y": 115,
            "z": 40.5,
            "w": 1,
            "h": 1,
            "yaw": 165.30043029785156,
            "pitch": -0.44995567202568054
        },
        {
            "type": "hclip",
            "active": true,
            "route": "3",
            "x": 51,
            "y": 115,
            "z": 37,
            "w": 1,
            "h": 3,
            "yaw": 108.60040283203125,
            "pitch": 3.7500383853912354
        },
        {
            "type": "hclip",
            "active": true,
            "route": "3",
            "x": 43,
            "y": 112.5,
            "z": 34.5,
            "w": 1,
            "h": 3,
            "yaw": 124.20050811767578,
            "pitch": 10.050008773803711
        },
        {
            "type": "awaitterm",
            "active": true,
            "route": "3",
            "x": 109.5,
            "y": 119,
            "z": 79.5,
            "w": 1,
            "h": 1,
            "yaw": 229.5003204345703,
            "pitch": 61.64997482299805
        },
        {
            "type": "walk",
            "active": true,
            "route": "4",
            "x": 73.5,
            "y": 221,
            "z": 14.5,
            "w": 1,
            "h": 1,
            "yaw": 0,
            "pitch": 0
        },
        {
            "type": "walk",
            "active": true,
            "route": "4",
            "x": 73.5,
            "y": 224,
            "z": 66.5,
            "w": 1,
            "h": 1,
            "yaw": 83.24999237060547,
            "pitch": -0.7500729560852051
        },
        {
            "type": "jump",
            "active": true,
            "route": "4",
            "x": 70.5,
            "y": 224,
            "z": 68.5,
            "w": 1,
            "h": 1,
            "yaw": 83.24999237060547,
            "pitch": -0.7500729560852051
        },
        {
            "type": "look",
            "active": true,
            "route": "4",
            "x": 65.5,
            "y": 225,
            "z": 69.5,
            "w": 0.5,
            "h": 1,
            "yaw": 180.9001007080078,
            "pitch": 1.3498989343643188
        },
        {
            "type": "look",
            "active": true,
            "route": "4",
            "x": 65.5,
            "y": 225,
            "z": 68.5,
            "w": 0.5,
            "h": 1,
            "yaw": 301.5001220703125,
            "pitch": -3.3000998497009277
        },
        {
            "type": "stop",
            "active": true,
            "route": "4",
            "x": 65.5,
            "y": 225,
            "z": 68.5,
            "w": 0.5,
            "h": 1,
            "yaw": 301.5001220703125,
            "pitch": -3.3000998497009277
        },
        {
            "type": "walk",
            "active": true,
            "route": "4",
            "x": 109,
            "y": 120,
            "z": 94,
            "w": 1,
            "h": 1,
            "yaw": -708.4293823242188,
            "pitch": -5.109882354736328
        },
        {
            "type": "jump",
            "active": true,
            "route": "4",
            "x": 108.5,
            "y": 120,
            "z": 97.5,
            "w": 1,
            "h": 1,
            "yaw": -708.4293823242188,
            "pitch": -5.109882354736328
        },
        {
            "type": "jump",
            "active": true,
            "route": "4",
            "x": 107.5,
            "y": 121,
            "z": 103.5,
            "w": 1,
            "h": 1,
            "yaw": -349.1795959472656,
            "pitch": 1.1900771856307983
        },
        {
            "type": "jump",
            "active": true,
            "route": "4",
            "x": 103.5,
            "y": 121,
            "z": 109.5,
            "w": 1,
            "h": 1,
            "yaw": -296.8299255371094,
            "pitch": -4.3598761558532715
        },
        {
            "type": "stop",
            "active": true,
            "route": "3",
            "x": 64,
            "y": 107,
            "z": 131,
            "w": 2,
            "h": 5,
            "yaw": 271.9501647949219,
            "pitch": 73.79975128173828
        },
        {
            "type": "walk",
            "active": true,
            "route": "3",
            "x": 58,
            "y": 109,
            "z": 131,
            "w": 2,
            "h": 1,
            "yaw": -90,
            "pitch": 0
        },
        {
            "type": "hclip",
            "active": true,
            "route": "3",
            "x": 64,
            "y": 115.5,
            "z": 131,
            "w": 2,
            "h": 1,
            "yaw": -123.74994659423828,
            "pitch": 1.3499895334243774
        },
        {
            "type": "stop",
            "active": true,
            "route": "3",
            "x": 70.5,
            "y": 106,
            "z": 124.5,
            "w": 1,
            "h": 3,
            "yaw": -421.1999206542969,
            "pitch": 83.40003204345703
        },
        {
            "type": "awaitterm",
            "active": true,
            "route": "3",
            "x": 70,
            "y": 109,
            "z": 123.5,
            "w": 1,
            "h": 1,
            "yaw": -0.2999669015407562,
            "pitch": -3.000009298324585
        },
        {
            "type": "walk",
            "active": true,
            "route": "3",
            "x": 70,
            "y": 109,
            "z": 123.5,
            "w": 1,
            "h": 1,
            "yaw": 0,
            "pitch": 0
        },
        {
            "type": "stop",
            "active": true,
            "route": "3",
            "x": 70,
            "y": 108,
            "z": 129.5,
            "w": 1.4,
            "h": 5,
            "yaw": 164.84999084472656,
            "pitch": 72.44999694824219
        },
        {
            "type": "hclip",
            "active": true,
            "route": "3",
            "x": 70,
            "y": 118,
            "z": 126.5,
            "w": 2,
            "h": 2,
            "yaw": 180,
            "pitch": 0
        },
        {
            "type": "hclip",
            "active": true,
            "route": "3",
            "x": 70,
            "y": 120,
            "z": 129.5,
            "w": 2,
            "h": 2,
            "yaw": 93.0000228881836,
            "pitch": 1.349997639656067
        },
        {
            "type": "hclip",
            "active": true,
            "route": "3",
            "x": 59,
            "y": 124,
            "z": 129.5,
            "w": 2,
            "h": 3,
            "yaw": -233.70004272460938,
            "pitch": 1.2000035047531128
        },
        {
            "type": "walk",
            "active": true,
            "route": "3",
            "x": 49.5,
            "y": 109,
            "z": 125.5,
            "w": 1,
            "h": 1,
            "yaw": 172.49993896484375,
            "pitch": -0.45002326369285583
        },
        {
            "type": "awaitterm",
            "active": true,
            "route": "3",
            "x": 49,
            "y": 109,
            "z": 122.5,
            "w": 1,
            "h": 1,
            "yaw": 172.49993896484375,
            "pitch": -0.45002326369285583
        },
        {
            "type": "walk",
            "active": true,
            "route": "4",
            "x": 106,
            "y": 121,
            "z": 109,
            "w": 1,
            "h": 1,
            "yaw": 90,
            "pitch": 0
        },
        {
            "type": "walk",
            "active": true,
            "route": "4",
            "x": 104,
            "y": 121,
            "z": 109,
            "w": 1,
            "h": 1,
            "yaw": 56.54999542236328,
            "pitch": -0.600000262260437
        },
        {
            "type": "hclip",
            "active": true,
            "route": "4",
            "x": 102.5,
            "y": 121.5,
            "z": 109.5,
            "w": 1,
            "h": 4,
            "yaw": 60.3000373840332,
            "pitch": -1.499995470046997
        },
        {
            "type": "stop",
            "active": true,
            "route": "4",
            "x": 96.5,
            "y": 120.5,
            "z": 114,
            "w": 1,
            "h": 4,
            "yaw": 445.34979248046875,
            "pitch": 13.949971199035645
        },
        {
            "type": "stop",
            "active": true,
            "route": "4",
            "x": 96.5,
            "y": 107,
            "z": 120.5,
            "w": 1,
            "h": 4,
            "yaw": 0,
            "pitch": 0
        },
        {
            "type": "walk",
            "active": true,
            "route": "4",
            "x": 96.5,
            "y": 115,
            "z": 113.5,
            "w": 1,
            "h": 1,
            "yaw": -9.750005722045898,
            "pitch": -1.6500011682510376
        },
        {
            "type": "stop",
            "active": true,
            "route": "4",
            "x": 98,
            "y": 106,
            "z": 121.5,
            "w": 1,
            "h": 4,
            "yaw": -14.550013542175293,
            "pitch": 71.40001678466797
        },
        {
            "type": "hclip",
            "active": true,
            "route": "4",
            "x": 97.5,
            "y": 121.5,
            "z": 121.5,
            "w": 1,
            "h": 1,
            "yaw": 90,
            "pitch": 0
        },
        {
            "type": "stop",
            "active": true,
            "route": "4",
            "x": 98,
            "y": 108,
            "z": 121.5,
            "w": 1,
            "h": 6,
            "yaw": 87.15009307861328,
            "pitch": 72.5999526977539
        },
        {
            "type": "look",
            "active": true,
            "route": "4",
            "x": 97,
            "y": 120,
            "z": 121.5,
            "w": 0.5,
            "h": 5,
            "yaw": 0,
            "pitch": 0
        },
        {
            "type": "look",
            "active": true,
            "route": "4",
            "x": 97,
            "y": 120,
            "z": 121,
            "w": 0.8,
            "h": 2,
            "yaw": 0,
            "pitch": 0
        },
        {
            "type": "jump",
            "active": true,
            "route": "4",
            "x": 97,
            "y": 120.5,
            "z": 124,
            "w": 1,
            "h": 1,
            "yaw": 0,
            "pitch": 0
        },
        {
            "type": "walk",
            "active": true,
            "route": "4",
            "x": 97,
            "y": 120,
            "z": 122.5,
            "w": 1,
            "h": 1,
            "yaw": 0,
            "pitch": 0
        },
        {
            "type": "hclip",
            "active": true,
            "route": "4",
            "x": 97,
            "y": 120,
            "z": 133,
            "w": 1,
            "h": 3,
            "yaw": 91.34992218017578,
            "pitch": 0.7499977946281433
        },
        {
            "type": "walk",
            "active": true,
            "route": "4",
            "x": 85,
            "y": 109,
            "z": 132.5,
            "w": 1,
            "h": 1,
            "yaw": 90,
            "pitch": 0
        },
        {
            "type": "stop",
            "active": true,
            "route": "4",
            "x": 73.5,
            "y": 107,
            "z": 132.5,
            "w": 1,
            "h": 5,
            "yaw": 273.2998962402344,
            "pitch": 79.3499755859375
        },
        {
            "type": "hclip",
            "active": true,
            "route": "4",
            "x": 74,
            "y": 117,
            "z": 132.5,
            "w": 1,
            "h": 1,
            "yaw": 93.90003204345703,
            "pitch": -1.649999976158142
        },
        {
            "type": "hclip",
            "active": true,
            "route": "4",
            "x": 59.5,
            "y": 116.5,
            "z": 131.5,
            "w": 1,
            "h": 3,
            "yaw": 110.10003662109375,
            "pitch": -1.800040602684021
        },
        {
            "type": "look",
            "active": true,
            "route": "4",
            "x": 58,
            "y": 109,
            "z": 131,
            "w": 1,
            "h": 1,
            "yaw": 43.20004653930664,
            "pitch": -1.6500059366226196
        },
        {
            "type": "hclip",
            "active": true,
            "route": "4",
            "x": 56,
            "y": 116,
            "z": 133,
            "w": 1,
            "h": 1,
            "yaw": 55.20008087158203,
            "pitch": -5.550006866455078
        },
        {
            "type": "stop",
            "active": true,
            "route": "4",
            "x": 48.5,
            "y": 124.5,
            "z": 138.5,
            "w": 1,
            "h": 3,
            "yaw": 86.25005340576172,
            "pitch": 43.05000686645508
        },
        {
            "type": "hclip",
            "active": true,
            "route": "4",
            "x": 48.5,
            "y": 113,
            "z": 138.5,
            "w": 1,
            "h": 1,
            "yaw": 77.09984588623047,
            "pitch": -0.4499794542789459
        },
        {
            "type": "walk",
            "active": true,
            "route": "4",
            "x": 42.5,
            "y": 109,
            "z": 140,
            "w": 1,
            "h": 1,
            "yaw": 74.70010375976562,
            "pitch": -0.45000603795051575
        },
        {
            "type": "awaitterm",
            "active": true,
            "route": "4",
            "x": 39,
            "y": 109,
            "z": 140.5,
            "w": 1,
            "h": 1,
            "yaw": 74.70010375976562,
            "pitch": -0.45000603795051575
        },
        {
            "type": "walk",
            "active": true,
            "route": "4",
            "x": 1.5,
            "y": 109,
            "z": 102,
            "w": 1,
            "h": 1,
            "yaw": 598.6485595703125,
            "pitch": -6.150000095367432
        },
        {
            "type": "stop",
            "active": true,
            "route": "4",
            "x": 6,
            "y": 107.5,
            "z": 99,
            "w": 1,
            "h": 5,
            "yaw": 642.1488647460938,
            "pitch": 54.14982604980469
        },
        {
            "type": "hclip",
            "active": true,
            "route": "4",
            "x": 6,
            "y": 118.5,
            "z": 99,
            "w": 1.2,
            "h": 1,
            "yaw": 548.7000732421875,
            "pitch": -0.3000399172306061
        },
        {
            "type": "hclip",
            "active": true,
            "route": "4",
            "x": 8,
            "y": 120,
            "z": 85.5,
            "w": 1,
            "h": 1,
            "yaw": 854.548095703125,
            "pitch": -2.849984645843506
        },
        {
            "type": "walk",
            "active": true,
            "route": "4",
            "x": 4.5,
            "y": 109,
            "z": 80,
            "w": 1,
            "h": 1,
            "yaw": 90,
            "pitch": 0
        },
        {
            "type": "awaitterm",
            "active": true,
            "route": "4",
            "x": 0.5,
            "y": 109,
            "z": 80,
            "w": 1,
            "h": 1,
            "yaw": 90,
            "pitch": 0
        },
        {
            "type": "jump",
            "active": true,
            "route": "4",
            "x": 56,
            "y": 115,
            "z": 49.5,
            "w": 1,
            "h": 1,
            "yaw": 582.4511108398438,
            "pitch": 39.14997100830078
        },
        {
            "type": "hclip",
            "active": true,
            "route": "4",
            "x": 57.5,
            "y": 116,
            "z": 48.5,
            "w": 1,
            "h": 3,
            "yaw": 590.7010498046875,
            "pitch": -7.349996089935303
        },
        {
            "type": "walk",
            "active": true,
            "route": "4",
            "x": 64.5,
            "y": 114,
            "z": 42.5,
            "w": 1,
            "h": 1,
            "yaw": 625.0517578125,
            "pitch": -0.899989664554596
        },
        {
            "type": "look",
            "active": true,
            "route": "4",
            "x": 71.5,
            "y": 115,
            "z": 42,
            "w": 1,
            "h": 1,
            "yaw": 720.0017700195312,
            "pitch": 1.8000328540802002
        },
        {
            "type": "awaitterm",
            "active": false,
            "route": "4",
            "x": 72.5,
            "y": 115,
            "z": 47.5,
            "w": 3,
            "h": 1,
            "yaw": 720.0017700195312,
            "pitch": 1.8000328540802002
        },
        {
            "type": "look",
            "active": true,
            "route": "4",
            "x": 70.5,
            "y": 115,
            "z": 41,
            "w": 1,
            "h": 1,
            "yaw": 704.851318359375,
            "pitch": -2.6999454498291016
        },
        {
            "type": "walk",
            "active": true,
            "route": "5",
            "x": 73.5,
            "y": 221,
            "z": 14.5,
            "w": 1,
            "h": 1,
            "yaw": -340.0481872558594,
            "pitch": -1.049972653388977
        },
        {
            "type": "look",
            "active": true,
            "route": "5",
            "x": 66.5,
            "y": 221,
            "z": 34,
            "w": 1,
            "h": 1,
            "yaw": -260.54833984375,
            "pitch": 3.15002703666687
        },
        {
            "type": "jump",
            "active": true,
            "route": "5",
            "x": 64,
            "y": 221,
            "z": 34.5,
            "w": 2,
            "h": 1,
            "yaw": -260.54833984375,
            "pitch": 3.15002703666687
        },
        {
            "type": "stop",
            "active": true,
            "route": "5",
            "x": 58.5,
            "y": 221,
            "z": 32.5,
            "w": 3,
            "h": 5,
            "yaw": -151.19834899902344,
            "pitch": 75.9000244140625
        },
        {
            "type": "hclip",
            "active": true,
            "route": "5",
            "x": 57.5,
            "y": 228.5,
            "z": 34,
            "w": 3,
            "h": 1,
            "yaw": -380.54815673828125,
            "pitch": -31.34996223449707
        },
        {
            "type": "hclip",
            "active": true,
            "route": "5",
            "x": 61.5,
            "y": 238.5,
            "z": 44,
            "w": 2,
            "h": 1,
            "yaw": -377.24853515625,
            "pitch": -5.549975872039795
        },
        {
            "type": "walk",
            "active": true,
            "route": "5",
            "x": 63.5,
            "y": 238,
            "z": 52,
            "w": 1,
            "h": 1,
            "yaw": -236.99826049804688,
            "pitch": 3.1500256061553955
        },
        {
            "type": "hclip",
            "active": true,
            "route": "5",
            "x": 55,
            "y": 227,
            "z": 46.5,
            "w": 3,
            "h": 1,
            "yaw": 150.15185546875,
            "pitch": 34.05002212524414
        },
        {
            "type": "look",
            "active": true,
            "route": "5",
            "x": 52,
            "y": 224,
            "z": 41.5,
            "w": 1,
            "h": 2,
            "yaw": -145.64834594726562,
            "pitch": 1.050026297569275
        },
        {
            "type": "walk",
            "active": true,
            "route": "5",
            "x": 53.5,
            "y": 224,
            "z": 40,
            "w": 1,
            "h": 2,
            "yaw": -145.64834594726562,
            "pitch": 1.050026297569275
        },
        {
            "type": "walk",
            "active": true,
            "route": "5",
            "x": 53,
            "y": 221,
            "z": 38,
            "w": 1,
            "h": 2,
            "yaw": -100.79835510253906,
            "pitch": -1.2000089883804321
        },
        {
            "type": "walk",
            "active": true,
            "route": "5",
            "x": 61.5,
            "y": 221,
            "z": 37.5,
            "w": 1,
            "h": 1,
            "yaw": -90,
            "pitch": 0
        },
        {
            "type": "stop",
            "active": true,
            "route": "5",
            "x": 69,
            "y": 218,
            "z": 37.5,
            "w": 1,
            "h": 2,
            "yaw": -93.45002746582031,
            "pitch": 17.999982833862305
        },
        {
            "type": "stop",
            "active": true,
            "route": "5",
            "x": 69,
            "y": 219,
            "z": 37.5,
            "w": 1,
            "h": 2,
            "yaw": -91.20004272460938,
            "pitch": 55.04997634887695
        },
        {
            "type": "hclip",
            "active": true,
            "route": "5",
            "x": 69,
            "y": 209,
            "z": 37.5,
            "w": 1,
            "h": 1,
            "yaw": -81.60005187988281,
            "pitch": 3.2999792098999023
        },
        {
            "type": "hclip",
            "active": true,
            "route": "5",
            "x": 59.5,
            "y": 227.5,
            "z": 33.5,
            "w": 1,
            "h": 1,
            "yaw": -369.7480773925781,
            "pitch": -8.849977493286133
        },
        {
            "type": "walk",
            "active": true,
            "route": "5",
            "x": 83,
            "y": 165,
            "z": 39.5,
            "w": 1,
            "h": 1,
            "yaw": -74.85000610351562,
            "pitch": -1.799999713897705
        },
        {
            "type": "jump",
            "active": true,
            "route": "5",
            "x": 88.5,
            "y": 165,
            "z": 41,
            "w": 1,
            "h": 1,
            "yaw": -74.85000610351562,
            "pitch": -1.799999713897705
        },
        {
            "type": "look",
            "active": true,
            "route": "5",
            "x": 94,
            "y": 165,
            "z": 41,
            "w": 1,
            "h": 1,
            "yaw": -95.99993896484375,
            "pitch": 3.900104522705078
        },
        {
            "type": "stop",
            "active": true,
            "route": "5",
            "x": 97,
            "y": 145.5,
            "z": 40.5,
            "w": 3,
            "h": 1,
            "yaw": -91.35002136230469,
            "pitch": -33.44986343383789
        },
        {
            "type": "walk",
            "active": true,
            "route": "5",
            "x": 97,
            "y": 114,
            "z": 40,
            "w": 2,
            "h": 1.5,
            "yaw": 90,
            "pitch": 0
        },
        {
            "type": "look",
            "active": true,
            "route": "5",
            "x": 67,
            "y": 115,
            "z": 40,
            "w": 1,
            "h": 1,
            "yaw": 173.8499755859375,
            "pitch": 5.849999904632568
        },
        {
            "type": "stop",
            "active": true,
            "route": "5",
            "x": 65.5,
            "y": 114,
            "z": 37.5,
            "w": 0.6,
            "h": 6,
            "yaw": 325.8000793457031,
            "pitch": 68.85013580322266
        },
        {
            "type": "stop",
            "active": true,
            "route": "5",
            "x": 65,
            "y": 114,
            "z": 37.5,
            "w": 0.6,
            "h": 6,
            "yaw": 325.8000793457031,
            "pitch": 68.85013580322266
        },
        {
            "type": "hclip",
            "active": true,
            "route": "5",
            "x": 65.5,
            "y": 129,
            "z": 37.5,
            "w": 1,
            "h": 1,
            "yaw": 136.50001525878906,
            "pitch": 1.6500004529953003
        },
        {
            "type": "walk",
            "active": true,
            "route": "5",
            "x": 58,
            "y": 109,
            "z": 131,
            "w": 2,
            "h": 1,
            "yaw": 90,
            "pitch": 0
        },
        {
            "type": "look",
            "active": true,
            "route": "5",
            "x": 50,
            "y": 109,
            "z": 131,
            "w": 1,
            "h": 1,
            "yaw": 180,
            "pitch": 0
        },
        {
            "type": "jump",
            "active": true,
            "route": "5",
            "x": 50,
            "y": 109,
            "z": 130,
            "w": 1,
            "h": 1,
            "yaw": 181.35008239746094,
            "pitch": 76.50000762939453
        },
        {
            "type": "awaitterm",
            "active": true,
            "route": "5",
            "x": 50,
            "y": 109,
            "z": 123,
            "w": 1,
            "h": 1,
            "yaw": 180,
            "pitch": 0
        },
        {
            "type": "walk",
            "active": true,
            "route": "5",
            "x": 1.5,
            "y": 109,
            "z": 102,
            "w": 1,
            "h": 1,
            "yaw": 958.6506958007812,
            "pitch": -3.7500123977661133
        },
        {
            "type": "stop",
            "active": true,
            "route": "5",
            "x": 6,
            "y": 107.5,
            "z": 99,
            "w": 1,
            "h": 6,
            "yaw": 990.7498168945312,
            "pitch": 79.49993133544922
        },
        {
            "type": "look",
            "active": true,
            "route": "5",
            "x": 55.5,
            "y": 115,
            "z": 40,
            "w": 1,
            "h": 1,
            "yaw": 987.6011352539062,
            "pitch": 0.8999447822570801
        },
        {
            "type": "look",
            "active": true,
            "route": "5",
            "x": 59,
            "y": 115,
            "z": 40,
            "w": 1,
            "h": 1,
            "yaw": 944.1011352539062,
            "pitch": 2.399944305419922
        },
        {
            "type": "awaitterm",
            "active": false,
            "route": "5",
            "x": 68,
            "y": 109,
            "z": 32,
            "w": 1,
            "h": 1,
            "yaw": 933.0008544921875,
            "pitch": 5.2499470710754395
        },
        {
            "type": "hclip",
            "active": true,
            "route": "5",
            "x": 6,
            "y": 122.5,
            "z": 99.5,
            "w": 1,
            "h": 1,
            "yaw": 960.9005126953125,
            "pitch": 0.14998719096183777
        },
        {
            "type": "awaitterm",
            "active": true,
            "route": "5",
            "x": 16,
            "y": 123,
            "z": 93.5,
            "w": 1,
            "h": 1,
            "yaw": 987.1504516601562,
            "pitch": 41.99998092651367
        },
        {
            "type": "walk",
            "active": true,
            "route": "5",
            "x": 54.5,
            "y": 115,
            "z": 52.5,
            "w": 1,
            "h": 1,
            "yaw": 184.35086059570312,
            "pitch": -0.4499483108520508
        },
        {
            "type": "walk",
            "active": true,
            "route": "2",
            "x": 54.5,
            "y": 115,
            "z": 52.5,
            "w": 1,
            "h": 1,
            "yaw": 180,
            "pitch": 0
        },
        {
            "type": "walk",
            "active": true,
            "route": "2",
            "x": 54.5,
            "y": 115,
            "z": 50.5,
            "w": 1.5,
            "h": 1,
            "yaw": 595.3814086914062,
            "pitch": -0.7683056592941284
        },
        {
            "type": "walk",
            "active": true,
            "route": "3",
            "x": 54.5,
            "y": 115,
            "z": 52.5,
            "w": 1,
            "h": 1,
            "yaw": 167.83387756347656,
            "pitch": -0.5102795362472534
        },
        {
            "type": "walk",
            "active": true,
            "route": "4",
            "x": 54.5,
            "y": 115,
            "z": 52.5,
            "w": 1,
            "h": 1,
            "yaw": 181.3504638671875,
            "pitch": 0.45005717873573303
        },
        {
            "type": "look",
            "active": true,
            "route": "4",
            "x": 54.5,
            "y": 115,
            "z": 50.5,
            "w": 2,
            "h": 1,
            "yaw": 237.3004913330078,
            "pitch": 1.6500911712646484
        },
        {
            "type": "hclip",
            "active": true,
            "route": "4",
            "x": 58,
            "y": 115,
            "z": 48,
            "w": 1,
            "h": 3,
            "yaw": 587.70068359375,
            "pitch": -1.9498974084854126
        },
        {
            "type": "hclip",
            "active": true,
            "route": "5",
            "x": 63.5,
            "y": 112,
            "z": 36.5,
            "w": 1,
            "h": 3,
            "yaw": 1302.9041748046875,
            "pitch": 4.499960899353027
        },
        {
            "type": "walk",
            "active": true,
            "route": "6",
            "x": 73.5,
            "y": 221,
            "z": 14.5,
            "w": 1,
            "h": 1,
            "yaw": -376.8792419433594,
            "pitch": -3.105909824371338
        },
        {
            "type": "look",
            "active": true,
            "route": "6",
            "x": 79.5,
            "y": 221,
            "z": 34.5,
            "w": 1,
            "h": 1,
            "yaw": -90,
            "pitch": 0
        },
        {
            "type": "jump",
            "active": true,
            "route": "6",
            "x": 83.5,
            "y": 221,
            "z": 34.5,
            "w": 3,
            "h": 1,
            "yaw": -90,
            "pitch": 0
        },
        {
            "type": "hclip",
            "active": true,
            "route": "6",
            "x": 87.5,
            "y": 231.5,
            "z": 34.5,
            "w": 1,
            "h": 1,
            "yaw": 10.20000171661377,
            "pitch": -9.000001907348633
        },
        {
            "type": "hclip",
            "active": true,
            "route": "6",
            "x": 86,
            "y": 237,
            "z": 43.5,
            "w": 1,
            "h": 3,
            "yaw": 16.79998779296875,
            "pitch": -13.499993324279785
        },
        {
            "type": "walk",
            "active": true,
            "route": "6",
            "x": 83.5,
            "y": 238,
            "z": 51.5,
            "w": 1,
            "h": 1,
            "yaw": -133.80001831054688,
            "pitch": 0.7499754428863525
        },
        {
            "type": "jump",
            "active": true,
            "route": "6",
            "x": 85,
            "y": 238,
            "z": 50,
            "w": 0.5,
            "h": 1,
            "yaw": -91.35002136230469,
            "pitch": 59.099998474121094
        },
        {
            "type": "hclip",
            "active": true,
            "route": "6",
            "x": 89,
            "y": 233,
            "z": 45.5,
            "w": 1,
            "h": 3,
            "yaw": -126.60009765625,
            "pitch": -2.550049066543579
        },
        {
            "type": "hclip",
            "active": true,
            "route": "6",
            "x": 90,
            "y": 234.5,
            "z": 45.5,
            "w": 1,
            "h": 2,
            "yaw": -493.4999084472656,
            "pitch": 12.600034713745117
        },
        {
            "type": "hclip",
            "active": true,
            "route": "6",
            "x": 88.5,
            "y": 230,
            "z": 44,
            "w": 1,
            "h": 2,
            "yaw": -117.60005187988281,
            "pitch": -5.250005722045898
        },
        {
            "type": "stop",
            "active": true,
            "route": "6",
            "x": 87.5,
            "y": 221,
            "z": 34.5,
            "w": 1,
            "h": 7,
            "yaw": -1.3500878810882568,
            "pitch": 89.54999542236328
        },
        {
            "type": "look",
            "active": true,
            "route": "6",
            "x": 95,
            "y": 224,
            "z": 41,
            "w": 1,
            "h": 1,
            "yaw": -605.9990844726562,
            "pitch": -0.9000464081764221
        },
        {
            "type": "walk",
            "active": true,
            "route": "6",
            "x": 94,
            "y": 224,
            "z": 40.5,
            "w": 1,
            "h": 1,
            "yaw": -605.9990844726562,
            "pitch": -0.9000464081764221
        },
        {
            "type": "jump",
            "active": true,
            "route": "6",
            "x": 92,
            "y": 224,
            "z": 39.5,
            "w": 1,
            "h": 1,
            "yaw": -605.9990844726562,
            "pitch": -0.9000464081764221
        },
        {
            "type": "hclip",
            "active": true,
            "route": "6",
            "x": 89.5,
            "y": 224.5,
            "z": 38.5,
            "w": 1,
            "h": 3,
            "yaw": -605.9990844726562,
            "pitch": -0.9000464081764221
        },
        {
            "type": "walk",
            "active": true,
            "route": "6",
            "x": 78.5,
            "y": 221,
            "z": 33.5,
            "w": 1,
            "h": 1,
            "yaw": -31.349916458129883,
            "pitch": -0.7499889135360718
        },
        {
            "type": "walk",
            "active": true,
            "route": "6",
            "x": 109,
            "y": 120,
            "z": 94,
            "w": 1,
            "h": 1,
            "yaw": -328.34271240234375,
            "pitch": -2.1000688076019287
        },
        {
            "type": "look",
            "active": true,
            "route": "6",
            "x": 106.5,
            "y": 120,
            "z": 97.5,
            "w": 1,
            "h": 1,
            "yaw": -285.5928955078125,
            "pitch": -2.850069522857666
        },
        {
            "type": "jump",
            "active": true,
            "route": "6",
            "x": 104.5,
            "y": 120,
            "z": 99,
            "w": 0.5,
            "h": 1,
            "yaw": 230.55699157714844,
            "pitch": 64.04996490478516
        },
        {
            "type": "hclip",
            "active": true,
            "route": "6",
            "x": 102,
            "y": 120.5,
            "z": 100,
            "w": 1,
            "h": 3,
            "yaw": -277.3429870605469,
            "pitch": -5.850050449371338
        },
        {
            "type": "walk",
            "active": true,
            "route": "6",
            "x": 96,
            "y": 121.5,
            "z": 101,
            "w": 1,
            "h": 1,
            "yaw": -274.1929931640625,
            "pitch": -1.5000693798065186
        },
        {
            "type": "awaitterm",
            "active": true,
            "route": "6",
            "x": 92,
            "y": 122,
            "z": 101,
            "w": 1,
            "h": 1,
            "yaw": -180.7430419921875,
            "pitch": -0.4500690996646881
        },
        {
            "type": "look",
            "active": true,
            "route": "6",
            "x": 92,
            "y": 122,
            "z": 101,
            "w": 1,
            "h": 1,
            "yaw": -162.1429443359375,
            "pitch": 2.0999081134796143
        },
        {
            "type": "walk",
            "active": true,
            "route": "6",
            "x": 92,
            "y": 122,
            "z": 101,
            "w": 1,
            "h": 1,
            "yaw": -162.1429443359375,
            "pitch": 2.0999081134796143
        },
        {
            "type": "hclip",
            "active": true,
            "route": "6",
            "x": 94.5,
            "y": 114.5,
            "z": 93.5,
            "w": 1,
            "h": 1,
            "yaw": -240.89300537109375,
            "pitch": 6.2999267578125
        },
        {
            "type": "walk",
            "active": true,
            "route": "6",
            "x": 97,
            "y": 120.5,
            "z": 101,
            "w": 1,
            "h": 1,
            "yaw": -272.2427978515625,
            "pitch": -4.5000691413879395
        },
        {
            "type": "walk",
            "active": true,
            "route": "6",
            "x": 58,
            "y": 109,
            "z": 131,
            "w": 1,
            "h": 1,
            "yaw": -90,
            "pitch": 0
        },
        {
            "type": "stop",
            "active": true,
            "route": "6",
            "x": 62,
            "y": 107,
            "z": 131,
            "w": 2,
            "h": 10,
            "yaw": -90,
            "pitch": 0
        },
        {
            "type": "hclip",
            "active": true,
            "route": "6",
            "x": 61.5,
            "y": 120.5,
            "z": 131,
            "w": 1,
            "h": 1,
            "yaw": -196.95001220703125,
            "pitch": -1.79999840259552
        },
        {
            "type": "walk",
            "active": true,
            "route": "6",
            "x": 60,
            "y": 123.5,
            "z": 123,
            "w": 1,
            "h": 1,
            "yaw": 90,
            "pitch": 0
        },
        {
            "type": "look",
            "active": true,
            "route": "6",
            "x": 58.5,
            "y": 123.5,
            "z": 123,
            "w": 1,
            "h": 1,
            "yaw": 180,
            "pitch": 0
        },
        {
            "type": "look",
            "active": true,
            "route": "6",
            "x": 58.5,
            "y": 123,
            "z": 119.5,
            "w": 1,
            "h": 1,
            "yaw": 156.14996337890625,
            "pitch": 2.25
        },
        {
            "type": "look",
            "active": true,
            "route": "6",
            "x": 57.5,
            "y": 123,
            "z": 117.5,
            "w": 1,
            "h": 1,
            "yaw": 180,
            "pitch": 0
        },
        {
            "type": "look",
            "active": true,
            "route": "6",
            "x": 56.5,
            "y": 114,
            "z": 67.5,
            "w": 1,
            "h": 1,
            "yaw": 200.10009765625,
            "pitch": -1.0499811172485352
        },
        {
            "type": "look",
            "active": true,
            "route": "6",
            "x": 58.5,
            "y": 114,
            "z": 62.5,
            "w": 1,
            "h": 1,
            "yaw": -180,
            "pitch": 0
        },
        {
            "type": "look",
            "active": true,
            "route": "6",
            "x": 58.5,
            "y": 114,
            "z": 52.5,
            "w": 1,
            "h": 1,
            "yaw": 90,
            "pitch": 0
        },
        {
            "type": "stop",
            "active": true,
            "route": "6",
            "x": 54.5,
            "y": 115,
            "z": 52.5,
            "w": 0.5,
            "h": 1,
            "yaw": 87.29997253417969,
            "pitch": 65.70000457763672
        },
        {
            "type": "stop",
            "active": true,
            "route": "6",
            "x": 54.5,
            "y": 115,
            "z": 52.5,
            "w": 0.7,
            "h": 1,
            "yaw": 90.29999542236328,
            "pitch": 90
        },
        {
            "type": "look",
            "active": true,
            "route": "6",
            "x": 54.5,
            "y": 115,
            "z": 52.5,
            "w": 0.7,
            "h": 1,
            "yaw": -180,
            "pitch": 0
        },
        {
            "type": "walk",
            "active": true,
            "route": "6",
            "x": 54.5,
            "y": 115,
            "z": 50.5,
            "w": 1,
            "h": 1,
            "yaw": -310.05010986328125,
            "pitch": 2.699991226196289
        },
        {
            "type": "look",
            "active": true,
            "route": "6",
            "x": 52.5,
            "y": 114.5,
            "z": 52,
            "w": 1,
            "h": 3,
            "yaw": 90,
            "pitch": 0
        },
        {
            "type": "walk",
            "active": true,
            "route": "6",
            "x": 51.5,
            "y": 114,
            "z": 52,
            "w": 1,
            "h": 1,
            "yaw": 0,
            "pitch": 0
        },
        {
            "type": "look",
            "active": true,
            "route": "6",
            "x": 51.5,
            "y": 114,
            "z": 80.5,
            "w": 1,
            "h": 1,
            "yaw": -90,
            "pitch": 0
        },
        {
            "type": "stop",
            "active": true,
            "route": "6",
            "x": 54.5,
            "y": 114,
            "z": 80,
            "w": 1,
            "h": 1,
            "yaw": -90,
            "pitch": 0
        },
        {
            "type": "look",
            "active": true,
            "route": "6",
            "x": 54.5,
            "y": 114,
            "z": 80,
            "w": 1,
            "h": 1,
            "yaw": -180,
            "pitch": 0
        }
    ]
}